time_us,cs1238_raw
178,602064
423,601805
1965,601844
3504,601740
5046,601593
6594,601298
8131,600655
9668,600778
11217,600842
12755,600883
14303,600910
15841,600847
17380,600892
18917,601512
20467,601851
22004,601645
23546,601603
25084,601805
26628,601797
28168,602373
29714,602790
31253,602769
32796,602694
34334,602440
35880,602289
37415,602309
38959,601875
40501,601259
42046,601091
43581,601174
45131,601042
46663,601450
48207,601469
49745,601333
51292,601602
52837,601990
54374,601777
55915,601471
57454,601643
58998,601693
60543,601889
62075,602016
63623,601418
65160,601195
66703,601130
68250,600997
69785,600840
71324,600407
72872,600387
74407,600206
75952,600214
77493,600518
79035,600393
80577,600494
82117,600986
83653,600980
85201,601397
86738,601881
88282,601969
89829,601920
91366,602112
92909,602477
94448,602547
95987,602462
97530,602716
99068,602536
100613,602431
102151,602581
103694,602527
105232,602071
106777,601796
108316,601557
109865,601354
111396,601049
112942,601316
114482,601315
116023,601071
117565,601391
119106,601453
120646,601650
122188,602013
123728,601777
125275,601939
126821,602242
128355,602475
129897,603002
131441,603135
132981,602665
134523,602713
136058,602778
137603,602235
139146,601665
140691,601488
142225,601266
143768,601542
145310,601537
146858,601444
148394,601730
149934,601562
151473,601684
153020,602259
154558,602954
156099,603135
157640,603363
159179,603233
160717,603205
162270,603179
163809,603156
165350,603006
166893,602358
168436,602159
169973,602165
171515,601644
173056,601229
174599,601156
176135,601053
177678,600718
179223,600613
180762,601131
182302,601627
183846,601814
185385,601833
186925,601703
188461,601633
190005,602458
191547,602647
193090,602459
194629,602131
196177,602386
197706,602241
199256,601765
200793,601331
202337,600924
203879,601097
205420,600870
206956,601142
208502,601105
210041,600986
211586,600989
213124,601311
214666,601440
216207,601418
217750,601209
219289,601686
220840,602086
222370,601847
223916,602171
225457,602527
227001,602611
228536,602509
230083,602458
231616,602121
233162,601952
234698,601560
236247,601503
237783,600998
239332,600771
240872,600605
242413,600891
243948,601061
245499,600732
247039,600580
248577,600882
250118,601092
251657,601303
253202,601198
254738,600985
256280,601369
257829,601875
259370,601748
260914,601422
262450,601644
263991,601641
265531,600885
267071,600924
268607,601289
270153,601033
271693,600620
273235,600375
274779,600742
276323,601031
277859,600861
279400,600858
280938,601242
282480,601810
284022,601942
285566,601834
287100,601844
288649,601934
290188,601780
291728,601790
293271,602141
294817,602161
296352,602039
297901,601779
299436,601583
300978,601165
302515,600895
304064,600791
305600,600908
307144,600989
308681,601021
310229,600988
311767,600984
313309,601115
314852,601252
316394,601326
317926,601320
319476,601440
321015,601524
322556,601909
324098,601787
325636,601511
327177,601371
328724,600791
330261,601100
331810,601253
333348,601042
334888,601058
336424,601369
337972,601495
339505,601693
341053,601819
342590,601658
344137,601656
345671,602185
347218,602316
348755,601945
350303,602012
351845,601988
353385,601960
354924,601808
356472,601986
358010,602443
359546,602101
361090,601854
362630,601743
364171,601557
365713,601601
367251,601560
368792,601722
370332,601756
371884,601432
373419,601661
374962,601766
376499,601781
378042,602174
379584,602217
381128,602116
382662,602053
384211,602144
385746,602028
387292,601964
388839,601982
390377,601830
391914,601705
393466,601570
394997,601393
396539,601941
398080,601912
399629,601738
401159,601891
402701,601234
404247,601360
405786,601676
407327,601714
408874,602265
410414,602040
411953,602107
413492,602499
415032,602431
416572,602377
418113,602599
419652,602486
421203,602247
422744,602109
424285,602023
425826,601898
427369,601872
428908,601910
430447,601914
431986,602041
433533,601977
435072,601953
436611,601922
438150,602136
439696,602268
441234,602141
442781,602242
444315,602419
445865,602416
447398,602435
448949,602229
450482,601654
452025,601252
453563,601185
455107,600991
456640,600734
458193,600530
459728,600243
461274,600094
462817,599743
464355,599904
465898,600274
467438,599944
468980,600072
470525,600618
472059,600909
473602,600507
475145,600897
476685,602038
478221,602284
479770,602168
481311,602592
482857,602871
484388,602917
485935,603155
487469,603115
489021,602581
490552,602745
492098,602617
493632,602484
495183,602321
496722,602037
498266,602198
499806,601965
501347,601541
502887,601359
504435,601265
505969,601601
507511,601931
509049,601889
510596,601575
512131,601250
513672,601649
515213,601254
516757,600604
518296,600501
519849,600421
521381,600101
522918,600095
524461,600217
526003,600464
527548,601162
529089,601034
530629,601303
532169,601803
533709,601801
535254,601949
536788,602183
538331,602195
539874,602631
541419,602805
542952,602729
544500,602550
546041,602615
547589,602461
549119,602107
550664,601552
552208,601728
553746,601407
555287,600845
556835,600672
558366,600767
559916,601017
561450,601207
563001,601857
564533,602116
566076,601718
567614,602233
569163,602484
570698,602583
572242,603187
573780,603551
575324,603176
576864,603080
578405,603496
579946,603607
581487,603114
583028,602806
584569,603052
586111,602947
587656,602396
589193,602301
590732,601890
592274,601941
593821,602292
595355,602492
596905,602620
598445,602814
599982,602870
601520,602795
603062,602709
604602,602610
606146,602614
607685,602780
609227,602832
610765,602567
612311,602265
613854,601695
615396,601120
616933,600102
618482,599217
620013,598382
621560,598174
623098,598090
624640,597662
626180,597553
627725,597929
629266,598139
630816,598200
632344,598721
633895,599511
635427,600247
636970,601159
638510,602192
640054,602790
641594,603186
643140,603777
644672,603846
646219,603121
647754,603307
649299,603680
650846,603255
652386,603049
653927,603007
655467,602780
657005,602572
658546,602099
660089,601908
661633,602161
663168,602371
664713,602695
666251,602622
667793,602157
669332,601913
670883,601874
672420,601686
673962,601380
675500,600761
677043,600191
678579,599325
680129,599160
681663,599265
683215,598990
684744,598641
686292,598691
687832,598897
689374,599099
690919,599097
692457,599153
693995,599592
695540,599701
697075,600136
698622,600786
700158,601249
701699,601712
703239,601988
704780,602208
706319,602336
707874,602293
709403,602915
710948,603101
712484,603062
714031,603101
715577,603337
717111,603651
718653,603781
720198,603449
721730,603258
723280,603397
724821,603232
726360,603069
727906,603129
729441,602764
730978,602415
732527,602206
734065,601775
735611,601539
737150,601034
738690,600882
740228,600929
741773,600715
743310,600299
744860,600436
746395,600377
747937,600151
749477,599675
751022,599394
752561,599721
754102,599880
755640,599386
757184,599566
758720,600197
760271,600137
761813,600712
763349,600600
764892,601028
766432,601797
767971,602112
769513,602085
771053,602083
772598,602377
774136,602729
775679,603093
777220,603394
778761,604007
780302,604511
781848,604674
783384,604165
784929,604279
786463,604154
788008,603787
789545,603647
791088,603390
792629,603355
794173,603312
795709,602830
797258,602412
798796,602030
800336,601827
801878,601129
803420,600619
804964,600335
806506,599959
808039,599444
809585,598842
811124,598898
812669,598906
814209,599023
815750,598923
817285,598692
818835,598835
820371,599356
821923,599816
823452,600147
824994,600330
826538,600596
828079,601012
829616,601394
831161,601483
832699,601426
834248,601877
835784,602407
837328,602210
838871,602129
840413,602242
841949,602282
843491,602415
845033,602861
846579,603208
848115,603289
849656,603535
851194,603814
852739,603878
854281,603769
855827,603638
857361,603656
858910,603868
860442,603578
861985,603281
863527,603135
865069,602500
866606,601893
868159,601074
869688,599987
871236,599413
872778,598981
874315,598481
875861,597830
877399,598025
878937,598341
880483,598448
882020,598618
883562,598807
885104,599028
886646,599486
888185,599526
889728,600183
891270,600807
892823,601310
894351,601821
895898,602151
897430,602472
898976,602964
900515,602882
902060,602662
903599,602635
905144,602529
906684,602156
908226,601893
909759,601948
911308,602381
912856,602539
914391,602729
915927,602517
917470,602537
919009,602613
920555,602462
922092,602506
923635,602273
925175,601921
926721,602195
928254,601991
929799,601687
931338,601007
932887,600776
934421,600461
935968,600304
937503,600057
939047,599529
940583,599510
942131,599534
943669,599237
945217,599092
946749,599546
948297,599811
949835,600146
951374,600653
952916,601288
954460,601463
955999,601824
957544,601963
959080,602226
960621,602656
962160,602868
963709,603032
965241,602960
966789,602746
968327,602272
969876,602074
971405,602047
972954,602208
974487,602119
976037,601887
977575,601933
979117,602041
980655,601775
982198,601788
983734,601961
985280,602273
986826,602412
988368,602460
989910,602169
991444,601692
992985,601511
994529,601475
996064,601357
997613,601084
999148,601094
1000690,600931
